Bolo, Materiais, Tempo
Bolo de Fubá, Farinha e Milho, 1:30
Bolo de Banana, Farinha e Banana, 1:30
Bolo Brigadeiro, Farinha, Chocolate em Pó e Chocolate Granulado, 2:00
Bolo de Laranja, Farinha e Laranja, 2:00
Bolo Cheesecake, Farinha, Morango e Chantilly, 2:30
Bolo de Ameixa, Farinha e Ameixa, 1:00
Bolo de Formigueiro, Farinha, Baunilha e Chocolate, 2:10
Bolo de Abacaxi, Farinha e Abacaxi, 1:30
Bolo de Maçã, Farinha e Maçã, 1:20
Bolo de Queijo, Farinha, Queijo e Leite Condensado, 1:00
Bolo de Goiabada, Farinha e Calda de Goiabada, 1:40




